{
  "E-commerce": 0.98,
  "Healthcare": 0.9255399830291793,
  "Education": 0.9647747990265304,
  "Finance": 0.8908641284900628,
  "Supply Chain": 0.9651265956072266,
  "Social Media": 0.8609179154123229,
  "Retail": 0.9759609759648645,
  "Real Estate": 0.9647167692653784,
  "Cybersecurity": 0.878248263498589,
  "Telecommunications": 0.9119110512979997
}